Plan,Plan Type,Prioritized Requirements (USD),Funding received (USD),Unfunded (USD),Coverage (%),Full Requirements (USD),People in Need,People Targeted,People Prioritized
Escalation of Hostilities in the OPT,FA,4064305808,1619798087,2444507721,39.9,4060000000,3600000,3000000,3000000
Syrian Arab Republic Regional Refugee and Resilience Plan (3RP),REG,2800721613,365015788,2435705825,13.0,2800721613,15312704,8565035,8565035
Sudan,HNRP,2143603358,1219403976,924199382,56.9,2866228594,33700000,20419163,13965846
Ukraine,HNRP,2049194156,1591882263,457311893,77.7,2310000000,10800000,4120000,3580000
République Démocratique du Congo,HNRP,1699827506,1052729322,647098184,61.9,1400000000,14900000,7300000,4700000
Yemen,HNRP,1596138530,466442246,1129696284,29.2,2470000000,23100000,10500000,8800000
Syrian Arab Republic,HNRP,1539672828,874146558,665526270,56.8,3190000000,16500000,10300000,8200000
South Sudan,HNRP,1042108966,485847620,556261346,46.6,1463046056,10000000,4300000,4100000
Haiti,HNRP,680379644,415399671,264979973,61.1,893000000,6400000,4200000,3600000
Lebanon,FA,639875890,326539926,313335964,51.0,,,,
Tchad,HNRP,620188576,328024261,292164315,52.9,975000000,4000000,2900000,1500000
Rohingya Humanitarian Crisis Joint Response Plan,REG,610688472,365068992,245619480,59.8,698375266,1890109,1557361,1270209
Myanmar,HNRP,521070982,333257435,187813547,64.0,890000000,16200000,4900000,2600000
Nigeria,HNRP,516399424,360325372,156074052,69.8,516000000,5900000,2500000,2500000
Afghanistan,HNRP,465232523,457259287,7973236,98.3,1710000000,22000000,17600000,3900000
Venezuela Regional Refugee and Migrant Response Plan (RMRP),REG,450739267,117387734,333351533,26.0,763092350,6853248,1524936,1030251
Uganda,REG,423000000,279234423,143765577,66.0,828700000,2225443,2225443,1784424
Colombia,HNRP,369182128,286077506,83104622,77.5,384000000,6900000,2600000,2600000
Sudan Emergency:,REG,353306192,74191602,279114590,21.0,2866228594,33700000,20419163,13965846
Burkina Faso,HNRP,350362294,131007869,219354425,37.4,662000000,4400000,3100000,1600000
Somalia,HNRP,349999999,236302050,113697949,67.5,850000000,4800000,2400000,1600000
Mali,HNRP,329221931,133925430,195296501,40.7,551000000,5100000,3800000,2000000
Cameroon,HNRP,268368745,81736614,186632131,30.5,308000000,2900000,1800000,1000000
Mozambique,HNRP,265305908,218431039,46874869,82.3,347649862,1628468,1125955,919494
Venezuela,HNRP,244809343,244809343,0,100.0,606000000,7900000,5400000,900000
République Centrafricaine,HNRP,214778613,118119238,96659375,55.0,264200000,2300000,1300000,932200
Niger,HNRP,96492592,74998933,21493659,77.7,449000000,2600000,1600000,0
Cuba Plan of Action – Response to Hurricane Melissa,Other,81755350,27595828,54159522,33.8,,,,
Islamic Republic of Iran Flash March - May,REG,80000000,41623958,38376042,52.0,,,,
Nepal Rasuwa Flood,FA,49568000,22292086,27275914,45.0,,,,
for Horn of Africa to Yemen and Southern Africa,REG,25432136,10653544,14778592,41.9,91140365,1682194,1197958,664116
Global Humanitarian Overview (Plan not yet defined),Other,0,1405638441,0,0,,,,
